dog_population,estimated_deaths,total_exposures,exposures_seek,exposures_not_seek,P_seek_PEP,exposure_incidence,deaths_averted,rabid_dogs,percent_confirm,rabies_incidence
277604.875,25,373.0777815,207.1232904,152,0.551978566,13.69084235,32,923.925,0.905831428,1.437481969
416308,28,572.7597367,400.2117469,170,0.704037295,21.01857481,66,1469,1.225323349,3.360246517
859037.325,32,743.1194501,573.0705193,194,0.779606948,27.27026841,102,1987.125,1.948210584,6.213519503