"","Year","pPEP","pPEP_LCI","pPEP_UCI"
"50%","2020",0.690502682147612,0.538769043252182,0.77691099075219
"50%1","2021",0.693356665360273,0.490405283137925,0.791457425076793
"50%2","2022",0.797193761484256,0.674495261511547,0.858550188459172
"50%3","overall",0.738196066668483,0.598970070831384,0.812002819092873
