"","Year","pPEP","pPEP_LCI","pPEP_UCI"
"50%","2020",0.686667028692027,0.542468920816735,0.774943165567981
"50%1","2021",0.690582982568878,0.489137526297017,0.79150009661982
"50%2","2022",0.714525012895572,0.587566248955497,0.792587535146805
"50%3","overall",0.703172667128785,0.557344492457221,0.777111960351059
